period_prov,count,mean,std,min,25%,50%,75%,max
archaic,11.0,0.45454545454545453,0.6875516509523286,0.0,0.0,0.0,1.0,2.0
classical,234.0,1.064102564102564,1.060485073112218,0.0,0.0,1.0,2.0,6.0
hellenistic,52.0,0.4807692307692308,0.7273477096955738,0.0,0.0,0.0,1.0,2.0
roman - pagan,368.0,0.7717391304347826,0.9436812475005824,0.0,0.0,1.0,1.0,5.0
roman - christian,130.0,0.8,0.8839656943780168,0.0,0.0,1.0,1.0,4.0
